{
    "a": [
        94.05999755859375,
        0.867348849773407,
        0.43582144379615784,
        0.2910805344581604,
        0.9122518301010132
    ],
    "b": [
        2.1900112628936768,
        0.018469741567969322,
        0.8222231864929199,
        0.25768837332725525,
        4.265497207641602
    ],
    "c": [
        0.04050852358341217,
        0.5188394784927368,
        0.8478079438209534,
        1.0879805088043213,
        37.6721305847168
    ],
    "time": [
        1.0,
        2.0,
        3.0,
        4.0,
        5.0
    ]
}